region	names
Celtic/English names	Andrew Dillin, J Paul Secrist, Rebecca A Mease, Robert M Bowers, Frances D Pitt, Scott A White
European names	Gennady Roshchupkin, Kristen L Hoek, Marella De Bruijn, Ruth Knuechel, Philipp Ströbel, Uwe Schlegel
East Asian names	Wenna Luo, Guangyuan Wang, Tomohiro Sakuma, Shengnan You, Hideo Takeda, Shengxi Chen
Hispanic names	Constanza de la Fuente, Héctor Argüello, Gustavo Guerberoff, León Bravo Ramírez, Roberta Lane de Oliveira Silva, Veronique Esquitino
South Asian names	Anjali Purkar, Ragini Adhav, Debjyoti Sen Gupta, Rajika L Perera, Alex J Khursigara, Abhishek Pratap
Arabic names	Mehar Hasan Asif, Abdullah Al Mutery, Afagh Moattari, Mahmoud F Elsebai, Mohammadreza Ardalan, Naoual Sadequi
Hebrew names	Avigdor Scherz, Lev Tsimring, Zvi Rosen, Irit Ben-Aharon, Omer Shwartz, Michal Shenfeld
African names	Alexandra Snyder Charen, Dereje Worku Mekonnen, Hector Nakayama, Yao Mawulikplimi Adzavon, George Komis, Abebe Menkir
Nordic names	Kirsi Gröndahl-Yli-Hannuksela, Lise Barlebo Ahlborn, Bjørn Hofmann, Anni Wärri, J Peter Svensson, Oskar Forsmo
Greek names	Dimitrios Priftakis, Georgia Makrypidi, Fotini K Kavvoura, Alexandros A Pittis, Foteini Chatzinasiou, Giannis Mountzios
